year,quarter,growth_kpk,growth_nasional,growth_non_migas,growth_tpt,t
2012,1,-9.92,6.11,6.79,4.08,2012.0
2012,2,-7.98,6.21,6.5,5.9,2012.25
2012,3,-4.36,5.94,7.24,7.48,2012.5
2012,4,0.98,5.87,7.36,6.64,2012.75
2013,1,2.25,5.54,6.09,7.21,2013.0
2013,2,3.9,5.59,6.54,8.13,2013.25
2013,3,7.81,5.52,4.47,6.43,2013.5
2013,4,6.89,5.58,4.78,4.64,2013.75
2014,1,6.44,5.12,5.51,3.02,2014.0
2014,2,7.79,4.94,5.59,2.65,2014.25
2014,3,4.12,4.93,5.73,1.38,2014.5
2014,4,4.28,5.05,5.61,-0.76,2014.75
2015,1,3.68,4.83,5.26,-1.65,2015.0
2015,2,3.86,4.74,5.22,-6.13,2015.25
2015,3,2.49,4.78,5.28,-6.24,2015.5
2015,4,5.77,5.15,4.46,-5.06,2015.75
2016,1,9.27,4.94,4.51,-1.34,2016.0
2016,2,8.69,5.21,4.54,-0.07,2016.25
2016,3,9.42,5.03,4.77,-0.19,2016.5
2016,4,6.22,4.94,3.91,1.28,2016.75
2017,1,8.34,5.01,4.8,0.32,2017.0
2017,2,4.55,5.01,3.93,3.78,2017.25
2017,3,-0.97,5.06,5.5,4.74,2017.5
2017,4,-2.75,5.19,5.16,6.47,2017.75
2018,1,5.47,5.07,5.08,7.46,2018.0
2018,2,11.38,5.27,4.27,6.48,2018.25
2018,3,8.83,5.17,5.02,10.08,2018.5
2018,4,12.1,5.18,4.73,10.82,2018.75
2019,1,-1.15,5.06,4.8,18.98,2019.0
2019,2,-6.42,5.05,3.98,20.71,2019.25
2019,3,5.94,5.01,4.68,15.08,2019.5
2019,4,-1.77,4.96,3.94,7.17,2019.75
2020,1,-0.36,2.97,2.01,-1.24,2020.0
2020,2,-8.55,-5.32,-5.74,-14.23,2020.25
2020,3,-19.75,-3.49,-4.02,-9.32,2020.5
2020,4,-6.07,-2.17,-2.22,-10.49,2020.75
2021,1,1.74,-0.69,-0.71,-13.28,2021.0
2021,2,3.26,7.08,6.91,-4.54,2021.25
2021,3,18.12,3.53,4.12,-3.34,2021.5
2021,4,9.35,5.03,4.58,5.94,2021.75
2022,1,8.25,5.02,5.47,12.45,2022.0
2022,2,13.12,5.46,4.33,13.74,2022.25
2022,3,13.44,5.73,4.88,8.09,2022.5
2022,4,3.16,5.01,5.35,3.61,2022.75
2023,1,-2.75,5.04,4.67,-0.07,2023.0
2023,2,-0.38,5.17,4.56,-1.7,2023.25
2023,3,-2.96,4.94,5.02,-2.72,2023.5
2023,4,4.91,5.04,4.49,-3.42,2023.75
2024,1,5.9,5.11,4.64,2.64,2024.0
2024,2,1.93,5.05,4.63,-0.03,2024.25
2024,3,10.15,4.95,4.84,7.43,2024.5
2024,4,9.16,5.02,4.89,7.17,2024.75
2025,1,6.95,4.87,4.31,4.64,2025.0
2025,2,8.31,5.12,5.6,4.35,2025.25
2025,3,-0.25,5.04,5.58,0.93,2025.5
2025,4,-1.03,5.39,5.08,4.37,2025.75
2026,1,5.28,5.61,5.14,4.86,2026.0
2026,2,11.3,5.29,5.32,6.36,2026.25
