year,quarter,KPK,TPT,t
2010,1,4.5157,23.9106,2010.0
2010,2,5.1178,23.4671,2010.25
2010,3,4.817399999999999,24.2473,2010.5
2010,4,5.2463,24.681900000000002,2010.75
2011,1,5.6536,25.1142,2011.0
2011,2,5.5923,25.6795,2011.25
2011,3,5.3243,25.540599999999998,2011.5
2011,4,5.282100000000001,26.2268,2011.75
2012,1,5.093,26.137700000000002,2012.0
2012,2,5.1463,27.1949,2012.25
2012,3,5.0919,27.4522,2012.5
2012,4,5.3341,27.968799999999998,2012.75
2013,1,5.2078,28.0229,2013.0
2013,2,5.3471,29.405,2013.25
2013,3,5.4894,29.2185,2013.5
2013,4,5.7014,29.2667,2013.75
2014,1,5.5433,28.870099999999997,2014.0
2014,2,5.7636,30.185,2014.25
2014,3,5.7153,29.6229,2014.5
2014,4,5.9455,29.0454,2014.75
2015,1,5.7471000000000005,28.3947,2015.0
2015,2,5.9862,28.3353,2015.25
2015,3,5.857600000000001,27.7739,2015.5
2015,4,6.2883000000000004,27.575,2015.75
2016,1,6.2798,28.0141,2016.0
2016,2,6.506399999999999,28.3142,2016.25
2016,3,6.4095,27.721400000000003,2016.5
2016,4,6.679600000000001,27.9285,2016.75
2017,1,6.8035,28.1051,2017.0
2017,2,6.8023,29.3852,2017.25
2017,3,6.347300000000001,29.0365,2017.5
2017,4,6.4959,29.7348,2017.75
2018,1,7.1756,30.200599999999998,2018.0
2018,2,7.5767,31.2886,2018.25
2018,3,6.9076,31.964599999999997,2018.5
2018,4,7.2818000000000005,32.953,2018.75
2019,1,7.093100000000001,35.9313,2019.0
2019,2,7.09,37.769800000000004,2019.25
2019,3,7.3179,36.786300000000004,2019.5
2019,4,7.1531,35.3172,2019.75
2020,1,7.0675,35.4874,2020.0
2020,2,6.4838000000000005,32.3941,2020.25
2020,3,5.8726,33.357099999999996,2020.5
2020,4,6.7187,31.6124,2020.75
2021,1,7.1902,30.7748,2021.0
2021,2,6.695399999999999,30.9223,2021.25
2021,3,6.937,32.2416,2021.5
2021,4,7.3467,33.4904,2021.75
2022,1,7.783399999999999,34.6055,2022.0
2022,2,7.573600000000001,35.1724,2022.25
2022,3,7.8694,34.8486,2022.5
2022,4,7.578600000000001,34.7,2022.75
2023,1,7.5696,34.5808,2023.0
2023,2,7.5445,34.5751,2023.25
2023,3,7.636100000000001,33.9006,2023.5
2023,4,7.9509,33.5122,2023.75
2024,1,8.0161,35.4952,2024.0
2024,2,7.690300000000001,34.5631,2024.25
2024,3,8.411100000000001,36.4185,2024.5
2024,4,8.679,35.916,2024.75
2025,1,8.572899999999999,37.143,2025.0
2025,2,8.3297,36.067800000000005,2025.25
2025,3,8.389899999999999,36.757400000000004,2025.5
2025,4,8.5892,37.4846,2025.75
2026,1,9.0256,38.9475,2026.0
2026,2,9.2709,38.3611,2026.25
